video-dislikes,video-title,video-link,video-likes,video-views,video-date,video-channel,video-comment-count
269,SAMSUNG GALAXY A10s: o b√°sico que √© quase BOM E BARATO,https://www.youtube.com/watch?v=h9lBf0X_xFY,9324,264074,2020-01-14T22:49:21Z,TudoCelular,881
1655,GALAXY A10s - Mais um ERRO da SAMSUNG?! Unboxing e Impress√µes,https://www.youtube.com/watch?v=3no1FdndZiU,46174,736435,2020-01-12T13:50:01Z,Gesiel Taveira,3811
51,Galaxy A10s √© Bom? Vale a Pena? An√°lise Completa! (2021),https://www.youtube.com/watch?v=Mci38I3CajU,3533,99724,2020-04-01T13:00:12Z,Canal √â Bom?,720
103,NOVO GALAXY A10S |BATERIA MAIOR E SENSOR DE DIGITAIS | AN√ÅLISE / REVIEW,https://www.youtube.com/watch?v=BfgqI5xndTU,6457,128228,2019-12-07T21:00:00Z,brasiliGEEKS,707
3713,"Samsung Galaxy A10s: um pouco diferente, mas nada melhor [Unboxing/Hands-on]",https://www.youtube.com/watch?v=4AXbgJWOBVc,11982,231758,2020-01-20T16:00:01Z,Canaltech,837
698,GALAXY A10s O BARATINHO DA SAMSUNG VALE A PENA o PRE√áO? #UNBOXING,https://www.youtube.com/watch?v=Y2AKP4nFviA,13243,271419,2020-03-10T21:30:00Z,TukEmperial,1569
210,O acess√≠vel Galaxy A10S √© bom o suficiente? Eu usei (Review),https://www.youtube.com/watch?v=YVNBfJ-rGTI,3872,66238,2020-03-17T15:33:07Z,Rodrigo Vieira - RSSV,407
445,"NOVO GALAXY A10S (SIM, MAIS UM!!!) UNBOXING E IMPRESS√ïES",https://www.youtube.com/watch?v=8S7KLrWQ_HA,23175,533701,2019-11-20T21:00:02Z,brasiliGEEKS,2007
702,Galaxy A10s vs. A20s vs. A30s [Comparativo],https://www.youtube.com/watch?v=34hjRzCIk8g,30947,527370,2020-01-24T00:00:00Z,Canaltech,2074
228,GALAXY A10 vs A10s: a Samsung FINALMENTE ACERTOU em um sucessor? | Comparativo,https://www.youtube.com/watch?v=K_MTtcFaht4,9722,233219,2020-01-28T17:02:17Z,TudoCelular,785
636,"Galaxy A10s, A20s, A30s, A51 e A71 [Comparativo]",https://www.youtube.com/watch?v=H_k3MRxVk7A,28268,462534,2020-06-19T16:00:07Z,Canaltech,1886
1889,"Samsung Galaxy A10, o mais Galaxy J de 2019",https://www.youtube.com/watch?v=BLIhZ77JggI,32199,606401,2019-07-26T22:45:00Z,Canaltech,2097
134,MOTO E7 PLUS: defini√ß√µes de CELULAR BOM e BARATO atualizadas com SUCESSO | An√°lise / Review,https://www.youtube.com/watch?v=xZEIOL1dzcE,9073,234255,2020-11-25T22:12:47Z,TudoCelular,846
208,"MOTO E7 PLUS! O mais ""BASIC√ÉO"" da MOTOROLA EVOLUIU e FICOU BEM INTERSSANTE! UNBOXING!",https://www.youtube.com/watch?v=Tkca_FXdzqY,11223,250855,2020-10-03T19:26:53Z,Be!Tech,1632
41,"MOTO E7 POWER (Sim, MAIS UM)! BATERIA ENORME e Pre√ßo ABAIXO dos MIL REAIS | Unboxing e Impress√µes",https://www.youtube.com/watch?v=-gANghKyLiY,3034,53330,2021-02-23T22:27:27Z,brasiliGEEKS,348
94,MOTO E7 PLUS - 4 MOTIVOS PARA COMPRAR E 4 PARA N√ÉO COMPRAR!!! üí∏,https://www.youtube.com/watch?v=MywBmKaRyRc,3388,50056,2021-04-01T21:26:11Z,DicioTech - Por Gabriell Dassi,622
109,J√Å T√Å NA M√ÉO! MOTO E7 PLUS | Lan√ßamento MOTOROLA | Unboxing e Impress√µes,https://www.youtube.com/watch?v=Adj3fttlhNg,7098,112331,2020-09-16T22:20:35Z,brasiliGEEKS,879
52,"LG K22 / K22+ | Smartphone MUITO BARATO, mas VALE A PENA? An√°lise / Review",https://www.youtube.com/watch?v=dpvskZNHIzU,3579,82984,2020-11-05T22:30:22Z,brasiliGEEKS,505
85,LG K22 √© bom? Vale a Pena? An√°lise Completa,https://www.youtube.com/watch?v=6NgZeAQLdqA,3507,132714,2020-09-30T21:00:00Z,Canal √â Bom?,817
1533,A LG for√ßou a barra com esse K22! E acho que VOC√ä tamb√©m n√£o vai gostar,https://www.youtube.com/watch?v=MAlHxOtQI9I,26878,498332,2020-09-13T16:40:00Z,Gesiel Taveira,3822
83,"LG K22 / K22+ | MUITO BARATO, mas VALE A PENA COMPRAR?",https://www.youtube.com/watch?v=zCRDEorurB0,5214,120172,2021-01-21T21:44:55Z,brasiliGEEKS,724
262,LG K22 / K22+ | Mais um LAN√áAMENTO que EST√Å AQUI! Unboxing e Impress√µes,https://www.youtube.com/watch?v=sGUB3oX00Mk,10393,249931,2020-09-25T00:05:05Z,brasiliGEEKS,1512
91,LG K22 + | VALE A PENA? PARA QUEM √â?,https://www.youtube.com/watch?v=ACENQ2gehvM,2649,75679,2020-10-21T06:21:07Z,√Årea Tech,475
440,LG K22 [An√°lise / Review] - TecNoob,https://www.youtube.com/watch?v=ZuWduklzOPE,4572,185362,2020-09-22T21:06:01Z,TecNoob,865
47,LG K22 vs A01 (Comparativo),https://www.youtube.com/watch?v=NQoe8evYJ78,2234,68410,2020-10-04T15:00:10Z,fone-se,532
231,"Redmi 9, ESSE √© o que VALE a pena? [An√°lise/Review]",https://www.youtube.com/watch?v=JOWrERsqHxg,11456,121289,2020-10-03T21:00:03Z,Canaltech,669
69,Redmi 9: o baratinho da Xiaomi vale a pena em 2021? - review/an√°lise,https://www.youtube.com/watch?v=L0dWus1ex30,3960,81640,2021-02-12T22:15:00Z,Oficina da Net,731
340,Chegou! Redmi 9 - SER√Å esse o MELHOR XIAOMI CUSTO-BENEF√çCIO? Unboxing e Impress√µes,https://www.youtube.com/watch?v=YBpvb1fxHFo,38891,520362,2020-07-29T14:15:01Z,Gesiel Taveira,2861
450,"REDMI 9 ainda √© um CELULAR BARATO e BOM DE JOGO, mas com PROBLEMAS | An√°lise / Review",https://www.youtube.com/watch?v=wxxsLxWZjcs,3159,56633,2020-10-23T22:51:31Z,TudoCelular,685
94,REDMI 9A: CELULAR BARATO da XIAOMI conquista pela BATERIA | An√°lise / Review,https://www.youtube.com/watch?v=LNt5qeYqRmI,2468,58169,2020-11-30T22:02:09Z,TudoCelular,411
249,Olha ele! REDMI 9A - O XIAOMI MAIS BARATO DE 2020! VALE A PENA? Unboxing e Primeiras Impress√µes,https://www.youtube.com/watch?v=1SNLCknahKU,10724,266802,2020-08-04T22:00:01Z,L Tech,1394
111,XIAOMI REDMI 9 vale a pena? √â O CUSTO BENEF√çCIO DE 2020?,https://www.youtube.com/watch?v=AmF9XRmeQPA,8429,135881,2020-08-18T21:43:33Z,EscolhaSegura,859
385,"Redmi Note 9, BARATO ou FORA DA REALIDADE? [An√°lise/Review]",https://www.youtube.com/watch?v=Agc-V0-64k4,16268,233657,2020-07-20T00:00:03Z,Canaltech,745
29,PERFEITO PELO PRE√áOüí≤Xiaomi Redmi 9 Globalüî•An√°lise,https://www.youtube.com/watch?v=Tp4JrKQ_Bc0,2623,52637,2020-06-30T16:43:18Z,Tiago Ramos,240
892,XIAOMI REDMI NOTE 9 vale a pena? CONTINUA o MELHOR CUSTO BENEF√çCIO? // An√°lise Review Completo!,https://www.youtube.com/watch?v=89XzlH68XwU,19046,505438,2020-07-21T22:02:52Z,EscolhaSegura,1263
229,O XIAOMI MAIS BARATO ü§ë REDMI 9 EST√Å UM ESPET√ÅCULO PELO SEU PRE√áO üòç,https://www.youtube.com/watch?v=DWItlIiMRug,17234,263215,2020-07-03T22:00:03Z,K Tech,1373
586,XIAOMI MI 9 vale a pena? | An√°lise / Review Completo,https://www.youtube.com/watch?v=4V8j2HU-Ljk,22834,563628,2019-06-16T17:30:00Z,EscolhaSegura,1078
308,Xiaomi Redmi Note 9 vs Redmi 9 - ENTENDA QUAL O MELHOR PRA VOC√ä! QUAL COMPRAR? TEM MUITA DIFEREN√áA?,https://www.youtube.com/watch?v=k2xA73AtCUE,32003,450403,2020-10-08T17:45:01Z,Gesiel Taveira,2621
205,"Com ele! O MAIS BARATO DA XIAOMI EM 2020! Redmi 9A, MELHOROU? ou PIOROU? ü•µ",https://www.youtube.com/watch?v=0EUg5QZoonQ,8523,141635,2020-08-19T15:15:08Z,Jersu,818
174,"REDMI 9, o verdadeiro XIAOMI bom e barato? Vale a pena COMPRAR esse SMARTPHONE pra VOC√ä? Olha isso!",https://www.youtube.com/watch?v=85eTN4iyoxY,25810,365530,2020-08-30T16:30:00Z,Gesiel Taveira,2416
619,"Redmi Note 9, esse XIAOMI t√° vendendo MUITO! Ser√° uma BOA OP√á√ÉO pra VOC√ä? Assista esse v√≠deo",https://www.youtube.com/watch?v=4DV9lgzEKcI,50925,743566,2020-08-11T15:10:00Z,Gesiel Taveira,4488
241,XIAOMI MI 9: √≥timo competidor que n√£o custa US$ 1.000 [An√°lise / Review],https://www.youtube.com/watch?v=PeyAkq1gaEk,16347,315760,2019-05-21T17:43:43Z,Canaltech,577
618,O Smartphone mais BARATO com 128GB no BRASIL! PHILCO HIT MAX - Unboxing e Impress√µes,https://www.youtube.com/watch?v=_cBao8i7h48,42442,612707,2020-09-06T20:00:02Z,Gesiel Taveira,3254
134,COMPENSA COMPRAR o smartphone mais BARATO do BRASIL com 128GB? O PHILCO HIT MAX √© uma BOA OP√á√ÉO?,https://www.youtube.com/watch?v=ruGvEDrLAqM,13210,126050,2020-10-01T16:35:00Z,Gesiel Taveira,1316
55,Philco HIT MAX - PCS02 | E n√£o √© que me SURPREENDEU? Unboxing e Impress√µes,https://www.youtube.com/watch?v=Q57RwtkGyYc,3857,50476,2020-09-06T23:00:03Z,brasiliGEEKS,459
173,"Philco Hit Plus: poucas mudan√ßas, mas importantes [Unboxing/Hands-on]",https://www.youtube.com/watch?v=sO4eFoLQr7g,9728,85926,2020-07-21T17:00:12Z,Canaltech,287
171,"Philco Hit PCS01, o primeiro smartphone da empresa que √© cheio de acertos [AN√ÅLISE/REVIEW]",https://www.youtube.com/watch?v=EpKqOYU3_xw,14294,139114,2020-06-26T16:00:12Z,Canaltech,635
292,Um Smartphone BARATO com 128GB no BRASIL? Esse PHILCO HIT P10 √© bom? Unboxing e Impress√µes,https://www.youtube.com/watch?v=HmaRL18FqUU,21290,240946,2021-03-15T14:15:01Z,Gesiel Taveira,1472
48,üîã 6000 mAh e tela GIGANTE!! MOTO G9 POWER a pena? // An√°lise e Review Completo!,https://www.youtube.com/watch?v=Kjsxyw-9txQ,3401,52271,2020-12-10T20:55:55Z,EscolhaSegura,338
341,"Moto G9 Power, ENORME na BATERIA e TAMANHO",https://www.youtube.com/watch?v=JzYg8JAHhh8,15636,247528,2020-12-10T12:00:05Z,Canaltech,893
45,MOTO G9 POWER foca em quem quer MUITA BATERIA no seu retorno √†s ra√≠zes | An√°lise / Review,https://www.youtube.com/watch?v=i3UVx6jnSiA,3073,56454,2020-12-25T23:42:26Z,TudoCelular,371
334,CHEGOU! Motorola MOTO G9 POWER com FOR√áA TOTAL? Unboxing e Impress√µes,https://www.youtube.com/watch?v=efbnQ2I3zIg,34967,419324,2020-12-10T12:00:09Z,Gesiel Taveira,1907
180,Motorola Moto G9 Play vs Moto G9 Power - QUAL COMPRAR? QUAL O MELHOR PRA VOC√ä? COMPARATIVO!,https://www.youtube.com/watch?v=kX2xqUDqfRA,20068,290832,2021-02-04T14:51:00Z,Gesiel Taveira,1108
247,Galaxy M31: o modelo mais competitivo da Samsung em 2020 [An√°lise/Review],https://www.youtube.com/watch?v=C2W1JgR50XA,15077,183921,2020-09-04T16:00:06Z,Canaltech,677
133,GALAXY M31: candidato a MELHOR CELULAR INTERMEDI√ÅRIO de 2020 tem poucos por√©ns | An√°lise / Review,https://www.youtube.com/watch?v=D0n0w7BIdlk,6145,151548,2020-08-11T15:24:12Z,TudoCelular,770
736,"Galaxy M31, o MELHOR SAMSUNG ""barato"" de 2020? Esse VOC√ä vai GOSTAR! Unboxing e Impress√µes",https://www.youtube.com/watch?v=bt2Xrm4Grl4,65560,934488,2020-07-10T14:25:01Z,Gesiel Taveira,5132
80,"Review GALAXY M31! O que REALMENTE IMPORTA, ELE TEM! SAMSUNG MANDOU BEM!",https://www.youtube.com/watch?v=Z_U42P0ys00,7226,93160,2020-07-25T14:35:33Z,Be!Tech,820
186,SAMSUNG GALAXY M31 // um INTERMEDI√ÅRIO com 6000mAh de BATERIA e 128GB de armazenamento!,https://www.youtube.com/watch?v=5JWFHfF4nGg,22040,304881,2020-07-09T21:19:36Z,EscolhaSegura,1413
72,SAMSUNG GALAXY M31 √© a OP√á√ÉO do MOMENTO? Vale MESMO a pena? // An√°lise & Review Completo!,https://www.youtube.com/watch?v=uhZwOBzOSMI,7637,85525,2020-07-30T23:34:39Z,EscolhaSegura,688
31,Samsung GALAXY M31 ainda VALE A PENA em 2021? √â um bom SMARTPHONE pra VOC√ä?,https://www.youtube.com/watch?v=Smv_2_bYn_4,8024,63065,2021-06-14T15:40:01Z,Gesiel Taveira,1118
420,"Samsung Galaxy M31, a linha ""acess√≠vel"" VOLTOU? [Unboxing/Hands-on]",https://www.youtube.com/watch?v=787sfe8R__w,17548,158365,2020-07-16T16:00:02Z,Canaltech,1242
120,"SAMSUNG GALAXY M31, celular INTERMEDI√ÅRIO de MAIOR BATERIA no Brasil | Hands-on",https://www.youtube.com/watch?v=pSd9LgpWmso,9442,144920,2020-07-08T15:08:07Z,TudoCelular,749
1153,OLHA ESSA BATERIA! - Galaxy M31,https://www.youtube.com/watch?v=B5wuXnBcPro,124744,1042417,2020-07-22T22:00:12Z,Coisa de Nerd,4164
57,Samsung Galaxy M31 √© bom em jogos? - RODA LISO,https://www.youtube.com/watch?v=GSmgQhJR0Ws,6342,74348,2020-08-04T22:00:10Z,Oficina da Net,707
196,SAMSUNG GALAXY M31 - PR√ìS E CONTRAS,https://www.youtube.com/watch?v=YTTS3xAXaiM,3575,75672,2020-07-17T13:30:06Z,Linuxbrs,393
63,"SAMSUNG GALAXY M31 - 63 DIAS DE USO, CHEGA N√â???",https://www.youtube.com/watch?v=hcmQZd2Ff3g,4203,64729,2020-10-15T13:30:03Z,Linuxbrs,617
143,MOTOROLA ONE FUSION PLUS: um Hyper MELHORADO? | An√°lise / Review,https://www.youtube.com/watch?v=KJIadDXIThg,3847,86862,2020-08-12T17:47:07Z,TudoCelular,468
71,MOTOROLA ONE FUSION PLUS! Sem D√öVIDA o REI do CUSTO BENEF√çCIO da MOTOROLA! REVIEW!,https://www.youtube.com/watch?v=jzZLMpG59xs,7573,117468,2020-09-21T21:15:04Z,Be!Tech,746
18,"MOTOROLA ONE FUSION PLUS em 2021! Agora MAIS BARATO, vale a pena comprar? REVIEW/AN√ÅLISE",https://www.youtube.com/watch?v=yjVrU4tenzE,2029,57672,2021-01-06T21:00:31Z,Oficina da Net,321
122,MOTOROLA ONE FUSION PLUS! MUITOS ACERTOS em V√ÅRIOS SENTIDOS! BOA MOTOROLA! UNBOXING!,https://www.youtube.com/watch?v=F3WsSoo7TR8,9967,200034,2020-08-03T21:10:48Z,Be!Tech,1083
234,Motorola One Fusion e Fusion+ [Unboxing],https://www.youtube.com/watch?v=vkT1Rzy7TtE,20248,237605,2020-07-30T16:00:33Z,Canaltech,632
319,"Motorola One Fusion+, o BRANQUINHO MAIS LINDO de 2020? Unboxing e Impress√µes",https://www.youtube.com/watch?v=MR7kfsi2qkM,34564,474458,2020-08-06T16:35:01Z,Gesiel Taveira,1748
236,"MOTOROLA ONE FUSION foca do DESEMPENHO, BATERIA e C√ÇMERAS | An√°lise / Review",https://www.youtube.com/watch?v=FQHafzoM3FU,7492,197324,2020-09-03T15:26:16Z,TudoCelular,955
138,MOTOROLA ONE FUSION PLUS! O que ela N√ÉO poderia ter feito de JEITO NENHUM! Motorola one fusion+,https://www.youtube.com/watch?v=PYjG8-nKyJI,6266,80960,2020-08-24T22:42:10Z,Dudu Rocha,615
90,Motorola One Fusion e Fusion+: novos celulares com bateria de at√© 2 dias no Brasil! - TecMundo,https://www.youtube.com/watch?v=GpGs-y_ylCw,6274,91906,2020-07-16T12:57:17Z,TecMundo,435
157,Motorola One Macro vs Hyper vs Fusion e Fusion+ [Comparativo],https://www.youtube.com/watch?v=nfqOY-5_2Go,9632,135126,2020-10-15T00:00:10Z,Canaltech,552
503,MOTOROLA ONE FUSION vale a pena? // An√°lise & Review Completo!,https://www.youtube.com/watch?v=IQ3Z6gXpCZk,7084,161337,2020-10-04T17:15:01Z,EscolhaSegura,759
75,"MOTO G9 PLUS vs ONE FUSION PLUS: mesmo processador, EXPERI√äNCIAS BEM DIFERENTES | Comparativo",https://www.youtube.com/watch?v=AOtvIGrMvXw,4577,90525,2020-10-29T22:18:00Z,TudoCelular,350
265,Chegou! MOTOROLA ONE FUSION PLUS - QUE COR LINDA e C√ÇMERA POP UP! #UNBOXING,https://www.youtube.com/watch?v=qwn3cekn7yQ,14512,215033,2020-07-27T23:08:46Z,TukEmperial,996
213,Motorola ONE FUSION PLUS √© melhor que o MOTO G9 PLUS? Qual comprar? Veja esse COMPARATIVO!,https://www.youtube.com/watch?v=9Ds0BahdQd4,21906,236203,2020-09-27T16:40:00Z,Gesiel Taveira,1395
425,"CHEGOU! Motorola ONE FUSION t√° aqui, mas ser√° um bom SMARTPHONE? Unboxing e Impress√µes",https://www.youtube.com/watch?v=vXu89gqgEGg,32642,471885,2020-11-09T14:10:00Z,Gesiel Taveira,2745
291,SAMSUNG GALAXY A71 vale a pena? | An√°lise / Review Completo,https://www.youtube.com/watch?v=arTLY7nj4Y0,30067,565112,2020-02-16T17:24:43Z,EscolhaSegura,2007
455,"Samsung Galaxy A71: um intermedi√°rio completo, interessante e caro [An√°lise/Review]",https://www.youtube.com/watch?v=OM3y5Aj87FU,31874,511193,2020-03-13T00:00:06Z,Canaltech,1064
153,Review Samsung Galaxy A71: um celular intermedi√°rio completo ‚Äì TecMundo,https://www.youtube.com/watch?v=w8ZokAmv8yE,15444,257622,2020-08-10T17:25:44Z,TecMundo,1155
135,"An√°lise do Samsung Galaxy A71: 06 meses depois, VALE A PENA?",https://www.youtube.com/watch?v=UOczVkDtNy0,11642,249103,2020-09-06T21:30:00Z,Mundo Conectado,1327
924,Galaxy A71 - O NOVO GIGANTE DA SAMSUNG! Unboxing e Impress√µes,https://www.youtube.com/watch?v=TXRGXFVxlEc,78398,1220889,2020-03-17T15:40:00Z,Gesiel Taveira,5091
44,"GALAXY A71 | Agora, VALE A PENA! An√°lise/ Review ATUALIZADO",https://www.youtube.com/watch?v=i4IceenolYE,5388,83751,2020-07-06T23:00:15Z,brasiliGEEKS,631
202,GALAXY A71! SER√Å ELE o REI da SAMSUNG!? COMPLETO e com √ìTIMAS C√ÇMERAS! REVIEW!,https://www.youtube.com/watch?v=bTwsyaDgD6g,17588,321012,2020-07-10T21:15:59Z,Be!Tech,1747
127,GALAXY A71: AVAN√áOS DISCRETOS para se MANTER RELEVANTE | An√°lise / Review,https://www.youtube.com/watch?v=E8n6fAU4nI0,6358,186926,2020-02-28T14:46:55Z,TudoCelular,456
366,SAMSUNG GALAXY A71 CHEGOU ! SER√Å O MELHOR CUSTO BENEF√çCIO BRASIL?,https://www.youtube.com/watch?v=0q_EGLVpX88,27499,382680,2020-04-13T22:00:00Z,K Tech,1587
200,GALAXY A71! Um dos MAIS COMPLETOS e DESEJADOS da SAMSUNG! √â BOM MESMO!? UNBOXING!,https://www.youtube.com/watch?v=v5TrkKvVDfs,15689,326460,2020-06-20T14:56:52Z,Be!Tech,1381
86,Samsung Galaxy A71 √© bom em jogos? Roda Liso?,https://www.youtube.com/watch?v=f0HlKgYGg5A,11444,99131,2020-06-16T22:50:10Z,Oficina da Net,726
22,Samsung Galaxy A71 - Review Tecnoblog,https://www.youtube.com/watch?v=CKRlXjrPVPk,3666,59322,2020-07-03T21:00:05Z,Tecnoblog,286
213,A REAL sobre o GALAXY A71. O QUASE TOP da Samsung vale a pena?,https://www.youtube.com/watch?v=xra9DQ1kERA,11589,132308,2020-07-18T16:25:15Z,Dudu Rocha,1031
47,"SAMSUNG GALAXY A71 | EXCELENTE, MAS TINHA QUE CUSTAR MENOS! AN√ÅLISE / REVIEW",https://www.youtube.com/watch?v=Gp_WtW6dg2A,4480,57641,2020-03-23T21:00:17Z,brasiliGEEKS,401
165,"Galaxy A71, esse SAMSUNG VALE a PENA? Ser√° uma boa op√ß√£o pra VOC√ä?",https://www.youtube.com/watch?v=2ips8zW15Tg,31820,301674,2020-05-11T16:00:01Z,Gesiel Taveira,2335
613,Samsung Galaxy A51 vs Galaxy A71 [COMPARATIVO],https://www.youtube.com/watch?v=YxV5qwt_DDg,28380,423411,2020-04-13T16:00:30Z,Canaltech,960
123,SE tem MELHOR eu DESCONHE√áO - POCO X3 NFC AN√ÅLISE [ Review ] COMPLETA !,https://www.youtube.com/watch?v=Su7pXca7gqE,16330,213979,2020-11-02T22:00:05Z,K Tech,1603
109,POCO X3 NFC: TELA 120 Hz √© suficiente para ter um BOM CELULAR GAMER? | An√°lise / Review,https://www.youtube.com/watch?v=NpQGI6Tlur4,4825,82927,2020-12-02T00:01:12Z,TudoCelular,717
264,"Poco X3 NFC, ainda √© a melhor op√ß√£o de todas?",https://www.youtube.com/watch?v=SqYIwbygGQg,18959,243297,2021-01-22T00:00:56Z,Canaltech,1253
440,"CHEGOU! POCO X3 NFC da XIAOMI, o SMARTPHONE mais BARATO com TELA de 120Hz - Unboxing e Impress√µes",https://www.youtube.com/watch?v=6Kr5NbtA9uE,52119,779996,2020-10-26T18:20:00Z,Gesiel Taveira,3552
614,N√£o compre o XIAOMI POCO X3 NFC antes de VER esse V√çDEO! Veja se √© isso que voc√™ quer!,https://www.youtube.com/watch?v=ak72DmxUaIw,39312,576083,2020-12-01T13:40:00Z,Gesiel Taveira,2952
110,O MAIS BARATO DE 120hz! Adorei o XIAOMI POCO X3 NFC! üòÉ // Unboxing e Impress√µes,https://www.youtube.com/watch?v=OJLBC9XuXZs,11979,171994,2020-10-22T21:15:35Z,EscolhaSegura,972
275,POCO X3 NFC j√° est√° na M√ÉO üò± O MELHOR CUSTO BENEF√çCIO de TODOS !,https://www.youtube.com/watch?v=4Nd3-TcoU4s,26587,362999,2020-09-07T22:00:01Z,K Tech,2313
76,"Poco X3 PRO, um Xiaomi com Snapdragon 860 | Pocophone Gamer? [An√°lise/Review] e [Comparativo]",https://www.youtube.com/watch?v=V2Ok_WldtBY,10180,117625,2021-05-08T14:00:07Z,Canaltech,703
44,POCO X3 NFC! O REI do CUSTO BENEF√çCIO dos GAMERS! Tela de 120hz com PRE√áO bom DEMAIS! Unboxing!,https://www.youtube.com/watch?v=Y_qrZIP5qbc,6633,90917,2021-01-25T20:56:13Z,Be!Tech,679
130,Xiaomi POCO X3! A VERDADE! N√£o Vale a pena‚ùì N√ÉO COMPRE SEM VER ESSE V√çDEO!,https://www.youtube.com/watch?v=7wi8hQGmjCo,4107,57379,2021-04-12T23:17:09Z,Dudu Rocha,713
50,"POCO X3 NFC : Sem d√∫vida, um dos MELHORES que a XIAOMI j√° LAN√áOU!",https://www.youtube.com/watch?v=YgyKgNC3aLA,5712,73610,2021-02-11T21:37:34Z,Be!Tech,707
502,"Redmi Note 9S, vale a pena ou n√£o? [An√°lise/Review]",https://www.youtube.com/watch?v=Ng1F4Ex9LdE,29420,510107,2020-05-13T16:00:10Z,Canaltech,1256
106,REDMI NOTE 9S: MELHOR CUSTO-BENEF√çCIO da nova fam√≠lia da XIAOMI | An√°lise / Review,https://www.youtube.com/watch?v=2p_i0hemb4E,5045,154051,2020-06-29T23:32:20Z,TudoCelular,469
187,A MELHOR ESCOLHA ! XIAOMI REDMI NOTE 9s AN√ÅLISE [ Review ] COMPLETA !,https://www.youtube.com/watch?v=3RUa12gYXek,17706,227947,2020-06-10T22:00:00Z,K Tech,1234
295,XIAOMI REDMI NOTE 9S - Minha Opini√£o SINCERA! | Hands-on,https://www.youtube.com/watch?v=KyZrwn2zvuQ,23604,512882,2020-05-16T13:30:02Z,EscolhaSegura,1391
112,XIAOMI REDMI NOTE 9S vale a pena? T√° custo benef√≠cio? // an√°lise completa!,https://www.youtube.com/watch?v=77Xi8ZGhclY,10442,156251,2020-06-13T13:30:00Z,EscolhaSegura,926
28,XIAOMI REDMI NOTE 9S: Vale a pena comprar? - AN√ÅLISE,https://www.youtube.com/watch?v=Kr5ZSCP7DFk,4382,51516,2020-06-30T22:00:12Z,Oficina da Net,545
752,"Redmi Note 9S, o QUERIDINHO da XIAOMI CHEGOU AQUI! Unboxing e Impress√µes",https://www.youtube.com/watch?v=qquxfVwxcjI,77979,997600,2020-05-14T15:10:00Z,Gesiel Taveira,7885
65,REDMI NOTE 9S! O melhor CUSTO BENEF√çCIO da FAM√çLIA REDMI? A XIAOMI ACERTOU? REVIEW!,https://www.youtube.com/watch?v=bKK4VnZ_vbk,6378,84493,2020-07-28T21:35:08Z,Be!Tech,807
217,N√ÉO TEM CONVERSA! Xiaomi REDMI NOTE 9S √© o que √©! VEJA!,https://www.youtube.com/watch?v=dzFNI87JpPY,20969,395310,2020-12-30T15:21:02Z,TukEmperial,2174
385,"Redmi Note 9, BARATO ou FORA DA REALIDADE? [An√°lise/Review]",https://www.youtube.com/watch?v=Agc-V0-64k4,16268,233657,2020-07-20T00:00:03Z,Canaltech,745
892,XIAOMI REDMI NOTE 9 vale a pena? CONTINUA o MELHOR CUSTO BENEF√çCIO? // An√°lise Review Completo!,https://www.youtube.com/watch?v=89XzlH68XwU,19046,505438,2020-07-21T22:02:52Z,EscolhaSegura,1263
315,"CHEGOU! Redmi Note 9S, o NOVO queridinho dos brasileiros? [Unboxing]",https://www.youtube.com/watch?v=2Hlm1PNyyg8,20524,227574,2020-04-30T22:15:00Z,Canaltech,906
754,REDMI NOTE 9S T√Å NA M√ÉO ! O Maior SUCESSO da XIAOMI !,https://www.youtube.com/watch?v=9T0kwmn_hVU,51734,840887,2020-04-01T21:00:05Z,K Tech,2601
76,"REDMI NOTE 9S no Brasil! O novo smartphone grand√£o e ""baratinho"" da Xiaomi ‚Äì TecMundo",https://www.youtube.com/watch?v=jzvQnnB2reE,5377,83490,2020-04-21T00:30:12Z,TecMundo,342
388,"Samsung Galaxy M51, 7000 mAh de bateria [An√°lise/Review]",https://www.youtube.com/watch?v=Puk5EruRgHM,20174,291202,2021-02-03T00:00:10Z,Canaltech,1372
59,GALAXY M51: MELHOR AUTONOMIA de BATERIA em 2020 com um algo a mais | An√°lise / Review,https://www.youtube.com/watch?v=a6RMJvojT6Q,5839,99741,2020-12-25T00:28:35Z,TudoCelular,661
313,"7000mAh de BATERIA, OK..mas e o RESTO ? SAMSUNG GALAXY M51 AN√ÅLISE [ Review ] COMPLETA !",https://www.youtube.com/watch?v=B3UL0mJKF4Q,11354,151297,2020-11-25T22:00:01Z,K Tech,1283
25,"Galaxy M51! Sem D√öVIDA, uma das MELHORES OP√á√ïES da SAMSUNG no MOMENTO! Review COMPLETO!",https://www.youtube.com/watch?v=FwjvIN094S4,4218,53256,2021-05-05T21:15:45Z,Be!Tech,776
96,"üîã 7000mAh, üì∑ 64MP e 128GB por R$1799? // SAMSUNG GALAXY M51 vale REALMENTE a pena?",https://www.youtube.com/watch?v=pP3CNnTnF1Q,14445,210596,2021-02-01T21:30:02Z,EscolhaSegura,1392
321,"CHEGOU! Galaxy M51, um SAMSUNG com BATERIA pra ningu√©m botar DEFEITO! Unboxing e Impress√µes",https://www.youtube.com/watch?v=L0BEtx34X30,41688,455088,2020-12-15T12:00:05Z,Gesiel Taveira,2838
116,BRUTO! 7.000mah de BATERIA! GALAXY M51 v√™m com TUDO! SAMSUNG acertou em CHEIO! UNBOXING!,https://www.youtube.com/watch?v=klPE2C5zU5g,10810,175821,2020-12-01T22:04:02Z,Be!Tech,1317
181,Meu smartphone GALAXY M51‚ùóÔ∏èMAIOR BATERIA J√Å FEITA da Samsung‚ùóÔ∏è7000mAh! T√Å DOIDO!üîã,https://www.youtube.com/watch?v=9Ce1r-NZ4F0,13521,129644,2020-11-07T15:22:22Z,Dudu Rocha,1653
67,"SAMSUNG GALAXY M51 | Com 7000 mAh, Essa BATERIA √© IGNORANTE! Unboxing e Impress√µes",https://www.youtube.com/watch?v=ZtcIhxlHqqs,6291,75394,2020-11-11T23:27:24Z,brasiliGEEKS,526
81,Samsung Galaxy M51 - 7.000mah e Snapdragon 730G! Unboxing e Review Inicial Portugu√™s Brasil,https://www.youtube.com/watch?v=wD0qY5ADNZY,4925,72178,2020-10-05T21:00:15Z,Authenti Tech,439
570,Galaxy M51: Por que voc√™ N√ÉO DEVE COMPRAR!,https://www.youtube.com/watch?v=8POpWm3AEI0,4000,92342,2021-01-26T20:41:32Z,Tt Tech,891
470,Samsung GALAXY M51 e seus 7000mAh de BATERIA üò±,https://www.youtube.com/watch?v=RfoB6mYABqA,31664,400839,2020-09-25T22:07:00Z,K Tech,2398
211,"Galaxy M51, a SAMSUNG realmente lan√ßou um MONSTRO! Maior BATERIA em um SMARTPHONE",https://www.youtube.com/watch?v=_E20px4ibD4,21676,199616,2020-09-02T14:30:05Z,Gesiel Taveira,1482
253,"GALAXY NOTE 10 LITE, pague MAIS e leve MENOS [An√°lise/Review]",https://www.youtube.com/watch?v=tR6BBimHbe8,13823,233421,2020-03-11T00:00:09Z,Canaltech,892
62,GALAXY NOTE 10 LITE √© um NOTE 9 NO CORA√á√ÉO e A10 NA PELE | An√°lise / Review,https://www.youtube.com/watch?v=OCLTooLITNw,2277,53353,2020-02-29T17:07:38Z,TudoCelular,274
499,BOA!! GALAXY NOTE 10 LITE √© melhor DO QUE EU ESPERAVA!! Mas tem um problema...,https://www.youtube.com/watch?v=ONwhl3vIsxg,19708,447661,2020-03-09T22:14:36Z,EscolhaSegura,1552
113,GALAXY NOTE 10 LITE passou a valer a pena?? | Review 3 MESES DEPOIS!,https://www.youtube.com/watch?v=kUePm9nHo2A,10203,176114,2020-04-28T22:54:42Z,EscolhaSegura,701
769,"GALAXY NOTE 10 LITE, FAZ SENTIDO COMPRAR? [Hands-On]",https://www.youtube.com/watch?v=jSv8fxe3_KU,18773,307422,2020-02-19T16:00:09Z,Canaltech,1013
160,CHEGOU! Galaxy NOTE 10 LITE! Seria ele uma boa op√ß√£o mesmo? Comprei por menos de R$2.000! üòçUnboxing!,https://www.youtube.com/watch?v=0bpOnYeaLE0,12159,148718,2020-09-17T17:17:44Z,Jersu,1418
119,"GALAXY A71 vs NOTE 10 LITE: INTERMEDI√ÅRIO PREMIUM enfrenta ""TOP DE LINHA"" com S PEN | Comparativo",https://www.youtube.com/watch?v=oUD2D8w1TIw,7952,147243,2020-06-14T14:04:30Z,TudoCelular,630
48,"GALAXY NOTE 10 LITE | Agora que o PRE√áO DESPENCOU, VALE A PENA!",https://www.youtube.com/watch?v=oCUG1tGwhO0,5214,99604,2020-06-26T23:00:14Z,brasiliGEEKS,775
98,"Mi 10 Lite 5G: ""lite"" √© apenas for√ßa de express√£o [UNBOXING/HANDS-ON]",https://www.youtube.com/watch?v=vRuOOM8S3co,6312,70027,2020-08-30T19:45:01Z,Canaltech,218
68,MELHOR e MAIS BARATO intermedi√°rio PREMIUM ! XIAOMI MI 10 LITE 5G AN√ÅLISE [ Review ] COMPLETA !,https://www.youtube.com/watch?v=jZczt1PbTQ4,6492,115068,2020-08-21T22:00:16Z,K Tech,482
173,Finalmente! XIAOMI MI 10 LITE 5G a EVOLU√á√ÉO PERFEITA üòç,https://www.youtube.com/watch?v=6IcND0WJFEg,13617,236138,2020-06-15T22:00:01Z,K Tech,778
120,"CHEGOU! Xiaomi Mi 10 Lite 5G, realmente INCR√çVEL? Unboxing e Impress√µes",https://www.youtube.com/watch?v=AIPNojToH_M,15977,142515,2020-08-22T16:00:02Z,Gesiel Taveira,971
230,XIAOMI MI 10 LITE // esse √© o PRIMEIRO XIAOMI que eu N√ÉO RECOMENDO!,https://www.youtube.com/watch?v=lkqFKf5j_Fc,7538,234661,2020-08-22T13:43:07Z,EscolhaSegura,652
42,Qual o MELHOR ?? Xiaomi Mi 10 Lite 5G vs Mi Note 10 Lite,https://www.youtube.com/watch?v=8Dp-oE8NPbA,2744,66884,2020-07-14T13:44:20Z,Tiago Ramos,318
82,"Xiaomi Mi 10T Lite, muito mais do que parece [An√°lise/Review]",https://www.youtube.com/watch?v=CKDLYTATKv8,5668,103348,2021-01-22T19:00:05Z,Canaltech,193
25,Mi 10 MAIS BARATOüí≤ Xiaomi Mi 10 Lite 5Güî•,https://www.youtube.com/watch?v=WExKQvcFWNc,2161,55065,2020-06-18T16:08:44Z,Tiago Ramos,218
69,XIAOMI MI 10 5G // An√°lise & Review Completo!!,https://www.youtube.com/watch?v=-Z6WFOdO5Do,6696,101012,2020-07-13T21:30:01Z,EscolhaSegura,377
150,Mi 10 5G: a vers√£o sem gra√ßa do principal modelo da Xiaomi de 2020 [An√°lise/Review],https://www.youtube.com/watch?v=aKHKOSX7AgA,9902,155935,2020-08-03T00:00:00Z,Canaltech,239
111,"Xiaomi Mi 10 Lite, o 5G mais BARATO do MUNDO! Mas n√£o espere muito dele n√£o!",https://www.youtube.com/watch?v=4ypi6fOj0tU,7179,131054,2020-03-29T14:31:57Z,Gesiel Taveira,594
115,XIAOMI Mi 10T Lite 5G - ME APAIXONEI ‚ù§Ô∏è,https://www.youtube.com/watch?v=tbf7M86iZd4,12254,177329,2020-10-28T22:00:07Z,K Tech,844
112,AGORA VAI?! XIAOMI MI NOTE 10 LITE // an√°lise completa!,https://www.youtube.com/watch?v=TEEMI3H8VBw,8962,155777,2020-06-07T15:54:05Z,EscolhaSegura,425
78,LG VELVET √© um SMARTPHONE que vale a pena? // An√°lise!,https://www.youtube.com/watch?v=RZQBD4q-le0,4700,51707,2020-10-03T13:30:01Z,EscolhaSegura,306
360,"LG Velvet, um ACERTO de ALTO n√≠vel? [Unboxing/Hands-on]",https://www.youtube.com/watch?v=remCWJl6BLg,21197,250141,2020-09-17T14:00:08Z,Canaltech,1455
143,LG Velvet √© BOM MESMO? O maior acerto da LG em 2020? Alguns Dias de Uso,https://www.youtube.com/watch?v=qQmNUmdTATo,13044,143075,2020-11-14T15:00:25Z,Gesiel Taveira,886
283,LG VELVET 5G t√° na M√ÉO e QUE C√ÇMERA TOOOOP üì∏,https://www.youtube.com/watch?v=z7rKZPLLUUQ,14966,199797,2020-08-10T22:00:21Z,K Tech,994
83,Tudo sobre o novo LG Velvet! Intermedi√°rio com pre√ßo de premium - TecMundo,https://www.youtube.com/watch?v=KIjSVhmpDDQ,6741,104963,2020-05-07T16:32:03Z,TecMundo,478
689,iPhone SE 2020: dessa vez a Apple acertou? [An√°lise/Review],https://www.youtube.com/watch?v=Mov8OlCwK4E,27584,489510,2020-06-01T21:00:06Z,Canaltech,1213
79,NOVO iPhone SE 2020: impressionado ou decepcionado? | An√°lise / Review Completo!,https://www.youtube.com/watch?v=jc1xyd19kCA,7964,107158,2020-06-02T21:50:19Z,EscolhaSegura,694
298,iPHONE SE (2020) vale a pena? AN√ÅLISE FINAL!!,https://www.youtube.com/watch?v=RMSxGd9VMoQ,15406,356706,2020-08-22T14:00:07Z,Matheus Kise,1349
98,IPHONE SE: MATADOR de INTERMEDI√ÅRIOS ANDROID boicotado pelo PRE√áO BRASIL | An√°lise / Review,https://www.youtube.com/watch?v=9LhYFm_Hz7A,3114,54192,2020-05-18T16:17:03Z,TudoCelular,613
1137,"iPhone SE: o novo aparelho de ""baixo custo"" da Apple [An√°lise]",https://www.youtube.com/watch?v=1YB8cj2eNWw,53789,1654426,2016-04-06T23:31:21Z,Canaltech,1790
361,Apple iPhone SE [Review] - TecMundo,https://www.youtube.com/watch?v=al5r88qwApI,16259,575158,2016-05-25T22:13:13Z,TecMundo,1356
199,Esse APPLE n√£o √â PARA TODOS ! iPhone SE 2020 AN√ÅLISE [ Review ] COMPLETA !,https://www.youtube.com/watch?v=n7baDhFb18g,9944,132408,2020-06-17T22:00:18Z,K Tech,1490
74,iPhone SE 2020 - Ainda Vale a Pena em 2021?,https://www.youtube.com/watch?v=vlDQJZu-ljQ,5101,96369,2021-01-01T15:04:00Z,Em An√°lise,422
217,CHEGOU! iPhone SE 2020 t√° em m√£os! Minhas PRIMEIRAS IMPRESS√ïES! Vale a pena?,https://www.youtube.com/watch?v=0LDrhsqMSjM,20587,350311,2020-05-06T21:36:21Z,EscolhaSegura,1430
1643,"iPhone SE 2: o ""acess√≠vel"" da Apple √© bom? [Unboxing/Hands-on]",https://www.youtube.com/watch?v=LVPVOxoBdSQ,34228,514828,2020-05-07T18:00:11Z,Canaltech,1031
238,iPhone SE 2020: 5 motivos para COMPRAR e N√ÉO comprar,https://www.youtube.com/watch?v=V2up_KqN1zw,14168,167719,2020-08-17T16:00:08Z,Canaltech,605
136,An√°lise: iPhone SE | Review do Tudocelular.com,https://www.youtube.com/watch?v=nB1u7Ivc12w,3901,152934,2016-06-24T01:32:36Z,TudoCelular,399
507,Galaxy Note 10+ (o melhor Samsung de 2019) [An√°lise/Review],https://www.youtube.com/watch?v=SxUJmZXlE-o,19726,385632,2019-09-12T15:00:05Z,Canaltech,537
201,GALAXY NOTE 10+ vale a pena? | An√°lise / Review,https://www.youtube.com/watch?v=npCMuKdtDKI,19166,273305,2019-09-07T13:30:04Z,EscolhaSegura,832
216,GALAXY NOTE 10: TOP de linha COM S PEN que CABE NO BOLSO (literalmente) | AN√ÅLISE / REVIEW,https://www.youtube.com/watch?v=s7O59W3Zr_k,10929,352203,2019-09-14T02:01:53Z,TudoCelular,624
650,GALAXY NOTE 10: ainda mais poderoso [Hands-On],https://www.youtube.com/watch?v=INTqBVNe0Ic,20928,407216,2019-08-07T20:00:02Z,Canaltech,498
1111,GALAXY NOTE 10: Uma nova FASE da SAMSUNG,https://www.youtube.com/watch?v=_139rn5-Phw,16711,178968,2019-08-08T22:36:40Z,EscolhaSegura,1157
114,Review Galaxy Note 10+: o melhor smartphone da Samsung vale o pre√ßo? ‚Äì TecMundo,https://www.youtube.com/watch?v=N9rnjyonpng,9386,185270,2019-09-25T14:00:02Z,TecMundo,430
114,GALAXY NOTE 10+ de 1TB AN√ÅLISE [ Review ] COMPLETA !,https://www.youtube.com/watch?v=SuQD60SbCHI,9098,101868,2019-10-04T22:00:02Z,K Tech,546
104,Samsung Galaxy Note 10+ | Review Tecnoblog,https://www.youtube.com/watch?v=ZRx4mTDMmzA,6774,158046,2019-09-06T20:00:02Z,Tecnoblog,343
2986,GALAXY NOTE 10 e GALAXY NOTE 10 PLUS!,https://www.youtube.com/watch?v=vOVz5rPk2vU,196838,2130935,2019-08-07T23:00:51Z,Coisa de Nerd,5604
340,SAMSUNG GALAXY NOTE 10 PLUS (review) A REAL!!,https://www.youtube.com/watch?v=Jl5x6H15zAg,17809,343513,2019-10-06T14:51:30Z,Dudu Rocha,908
72,"GALAXY NOTE 10+ | 1 Ano depois, VALE A PENA?",https://www.youtube.com/watch?v=iVK9U-aiXTE,5210,93538,2020-10-17T22:41:36Z,brasiliGEEKS,682
59,GALAXY NOTE 10 PLUS: MELHOR celular SAMSUNG de 2019... para comprar em 2020 | An√°lise / Review,https://www.youtube.com/watch?v=bY5RzhrwmFQ,2824,71177,2019-09-18T00:45:38Z,TudoCelular,212
372,√â ASSIM O SAMSUNG GALAXY NOTE 10! SAMSUNG ERROU MESMO?,https://www.youtube.com/watch?v=flYuZ1KBaKM,10581,128218,2019-08-06T22:02:24Z,Dudu Rocha,714
253,"GALAXY NOTE 10 LITE, pague MAIS e leve MENOS [An√°lise/Review]",https://www.youtube.com/watch?v=tR6BBimHbe8,13823,233421,2020-03-11T00:00:09Z,Canaltech,892
97,Samsung Galaxy Note 10 e 10+: primeiras impress√µes dos smartphones grand√µes - TecMundo,https://www.youtube.com/watch?v=lRLsmuAYs3Y,9317,127760,2019-08-07T20:00:10Z,TecMundo,374
139,Samsung Galaxy S20 REVIEW: √≥timo custo-benef√≠cio a longo prazo ‚Äì TecMundo,https://www.youtube.com/watch?v=vv64fA7bf7Y,10765,239841,2020-09-09T15:05:38Z,TecMundo,681
186,"GALAXY S20: mais ""BARATO"", mas n√£o PIOR | An√°lise / Review",https://www.youtube.com/watch?v=tO7miBhfw5E,8075,220575,2020-03-20T01:38:25Z,TudoCelular,463
79,SAMSUNG GALAXY S20 [Opini√£o Sincera],https://www.youtube.com/watch?v=VxD0GpJ4SlI,5940,120087,2020-11-23T22:30:28Z,Rodrigo Moreira,810
85,O MIST√âRIO do GALAXY S20 FE com SNAPDRAGON 865! Me AJUDE a RESOLVER! Como PODE algo ASSIM?,https://www.youtube.com/watch?v=KOitq-ctZCk,4058,50270,2021-05-26T13:30:03Z,Be!Tech,555
518,"Samsung Galaxy S20+, o equilibrado da linha S [An√°lise/Review]",https://www.youtube.com/watch?v=QA5bnli1-jg,20890,408570,2020-05-22T16:00:29Z,Canaltech,1077
102,4 meses com o Galaxy S20: Sucesso ou decep√ß√£o? (Review e opini√£o),https://www.youtube.com/watch?v=AIK3P1jZ4T4,10723,180031,2020-08-04T20:03:09Z,Rodrigo Vieira - RSSV,815
189,SAMSUNG GALAXY S20 PLUS vale a pena? | An√°lise / Review Completo,https://www.youtube.com/watch?v=28ZkdMKJ71Q,11817,261829,2020-04-01T21:30:00Z,EscolhaSegura,765
152,Galaxy S20: TUDO que sabemos sobre o aparelho at√© agora,https://www.youtube.com/watch?v=TrMDB34L6Oo,8950,111590,2020-01-18T18:00:04Z,Canaltech,279
235,Samsung GALAXY S20 FE SNAPDRAGON! O que NINGUEM TE Falou! Fica esperto!,https://www.youtube.com/watch?v=SBxScx1mde8,9284,95051,2021-05-26T23:38:50Z,Dudu Rocha,1108
269,INCR√çVEL!! GALAXY S20 e S20 ULTRA! | o que a SAMSUNG n√£o te CONTOU!,https://www.youtube.com/watch?v=Dcc8-L5XGQ4,18013,243516,2020-02-12T00:28:45Z,EscolhaSegura,1252
306,"Samsung Galaxy S20 FE, ERROU ou ACERTOU com os f√£s da marca? [An√°lise/Review]",https://www.youtube.com/watch?v=R8NE3_EiiSE,12407,189758,2021-01-29T14:14:54Z,Canaltech,858
121,"GALAXY S20 FE: TOP ""BARATO"" Samsung TEM QUASE TUDO que os f√£s procuram | An√°lise / Review",https://www.youtube.com/watch?v=JLESC_njEyo,6794,143533,2020-11-13T00:07:02Z,TudoCelular,566
64,GALAXY S20 FE √© o MELHOR de toda a linha S20! AN√ÅLISE FINAL!,https://www.youtube.com/watch?v=1n4NgeFHDWA,4418,75611,2021-01-15T21:09:08Z,Matheus Kise,536
94,‚ù§Ô∏è esse CELULAR SAMSUNG tem tudo pra DAR BOM! // GALAXY S20 FE unboxing,https://www.youtube.com/watch?v=bWuRFN100uw,8468,99255,2020-11-16T21:13:05Z,EscolhaSegura,861
473,"NOVO GALAXY S20 FE: os f√£s pediram, a Samsung atendeu",https://www.youtube.com/watch?v=0_dCkDdlSkE,6260,96359,2020-12-09T22:00:33Z,Canaltech,334
276,"CHEGOU! Galaxy S20 FE, um SAMSUNG LINDO e POTENTE, mas n√£o √© PERFEITO! Unboxing e Impress√µes",https://www.youtube.com/watch?v=AdxPcBQqLck,28261,431688,2020-11-17T15:30:00Z,Gesiel Taveira,1710
235,Samsung GALAXY S20 FE SNAPDRAGON! O que NINGUEM TE Falou! Fica esperto!,https://www.youtube.com/watch?v=SBxScx1mde8,9284,95051,2021-05-26T23:38:50Z,Dudu Rocha,1108
116,GALAXY S20 FE vs S20: qual deles o VERDADEIRO F√É deve comprar? | Comparativo,https://www.youtube.com/watch?v=HwfcKPqEWHQ,6158,129019,2020-12-03T23:35:48Z,TudoCelular,418
148,CHEGOU! Samsung GALAXY S20 FE com SNAPDRAGON - Unboxing e Impress√µes,https://www.youtube.com/watch?v=5gonT7B5VnY,19146,239103,2021-05-21T16:10:00Z,Gesiel Taveira,1845
91,Galaxy S20 FE! ADOREI o que a SAMSUNG fez AQUI! Que SMARTPHONE acertadinho! UNBOXING!,https://www.youtube.com/watch?v=jhoRCO4eF_M,4346,67903,2020-12-21T21:58:12Z,Be!Tech,495
282,Samsung GALAXY S20 FE 5G [ SNAPDRAGON EDITION ] est√° um SHOW !,https://www.youtube.com/watch?v=z68-Fbg6geo,11826,184840,2020-09-30T22:00:15Z,K Tech,1073
85,O MIST√âRIO do GALAXY S20 FE com SNAPDRAGON 865! Me AJUDE a RESOLVER! Como PODE algo ASSIM?,https://www.youtube.com/watch?v=KOitq-ctZCk,4058,50270,2021-05-26T13:30:03Z,Be!Tech,555
82,"Xiaomi Mi 10T Lite, muito mais do que parece [An√°lise/Review]",https://www.youtube.com/watch?v=CKDLYTATKv8,5668,103348,2021-01-22T19:00:05Z,Canaltech,193
115,XIAOMI Mi 10T Lite 5G - ME APAIXONEI ‚ù§Ô∏è,https://www.youtube.com/watch?v=tbf7M86iZd4,12254,177329,2020-10-28T22:00:07Z,K Tech,844
230,XIAOMI MI 10 LITE // esse √© o PRIMEIRO XIAOMI que eu N√ÉO RECOMENDO!,https://www.youtube.com/watch?v=lkqFKf5j_Fc,7538,234661,2020-08-22T13:43:07Z,EscolhaSegura,652
49,"CHEGOU! Xiaomi Mi 10T Lite, o INTERMEDI√ÅRIO PREMIUM com 5G! Unboxing e Impress√µes",https://www.youtube.com/watch?v=s1dvvUUQCGY,9663,106639,2021-01-06T13:30:03Z,Gesiel Taveira,750
120,"CHEGOU! Xiaomi Mi 10 Lite 5G, realmente INCR√çVEL? Unboxing e Impress√µes",https://www.youtube.com/watch?v=AIPNojToH_M,15977,142515,2020-08-22T16:00:02Z,Gesiel Taveira,971
98,"Mi 10 Lite 5G: ""lite"" √© apenas for√ßa de express√£o [UNBOXING/HANDS-ON]",https://www.youtube.com/watch?v=vRuOOM8S3co,6312,70027,2020-08-30T19:45:01Z,Canaltech,218
156,"Xiaomi Mi 10T e 10T Pro, valem a pena ou n√£o? [An√°lise/Review]",https://www.youtube.com/watch?v=mp_aDo-uH6I,7419,128625,2021-01-27T14:00:53Z,Canaltech,495
68,MELHOR e MAIS BARATO intermedi√°rio PREMIUM ! XIAOMI MI 10 LITE 5G AN√ÅLISE [ Review ] COMPLETA !,https://www.youtube.com/watch?v=jZczt1PbTQ4,6492,115068,2020-08-21T22:00:16Z,K Tech,482
38,ESTAVA ENGANADO ... POCO X3 NFC ou XIAOMI MI 10T LITE 5G ?? COMPARATIVO EM PORTUGU√äS,https://www.youtube.com/watch?v=njP8-N1NE6I,1342,52012,2020-11-09T19:29:27Z,Toni Vicente,132
472,"Motorola Edge+, o MELHOR SMARTPHONE de 2020 at√© agora [An√°lise/Review]",https://www.youtube.com/watch?v=RtUdGZlZeVA,23350,263371,2020-08-03T17:00:07Z,Canaltech,732
286,MOTO EDGE e EDGE PLUS - o que ESTOU ACHANDO // finalmente um TOPO DE LINHA da MOTOROLA!,https://www.youtube.com/watch?v=H0hSd0XEx64,18829,301243,2020-07-02T21:30:01Z,EscolhaSegura,1122
77,Motorola Edge+ e Edge: os melhores da Moto em 2020 no Brasil! - Primeiras impress√µes Hands-on,https://www.youtube.com/watch?v=G0RkweTZo3Q,3891,64939,2020-07-02T12:00:08Z,TecMundo,266
80,MOTOROLA EDGE PLUS mostra que CUSTA CARO voltar ao TOPO | An√°lise / Review,https://www.youtube.com/watch?v=wHLWf5xzwWQ,4090,79732,2020-07-21T16:03:55Z,TudoCelular,392
501,MELHORES Motorola de 2020: Edge e Edge+,https://www.youtube.com/watch?v=pFmhq7PfTZs,32933,365746,2020-04-22T16:00:35Z,Canaltech,1680
81,MOTOROLA EDGE: PRIMEIRO CELULAR INTERMEDI√ÅRIO 5G do Brasil vale a pena? | An√°lise / Review,https://www.youtube.com/watch?v=nt6JoeMjwIA,2869,56203,2020-09-02T15:51:32Z,TudoCelular,391
842,"CHEGOU! Motorola EDGE+ √© INCR√çVEL, LINDO e PODEROSO! S√≥ uma coisa desanima nele ;(",https://www.youtube.com/watch?v=3jmzPUMcvkU,45321,679020,2020-07-06T16:20:01Z,Gesiel Taveira,2167
130,MOTOROLA EDGE+! O MELHOR MOTOROLA JA FEITO! Mas tem um ERRO GRAVE! Unboxing,https://www.youtube.com/watch?v=uwlW-aTc5j4,11290,117110,2020-07-02T11:59:43Z,Dudu Rocha,835
106,Motorola Edge+: 5 motivos para COMPRAR e N√ÉO comprar,https://www.youtube.com/watch?v=03OQm-ygWNg,7971,82975,2020-09-11T16:00:01Z,Canaltech,303
625,"IPhone 12: cara de iPhone 4, 5G e meio ambiente [An√°lise]",https://www.youtube.com/watch?v=pAlMOtJUH5I,28744,334518,2020-10-31T21:00:05Z,Canaltech,1185
170,iPhone 12 em m√£os!! Qual minha OPINI√ÉO SINCERA?? // Unboxing e Impress√µes!,https://www.youtube.com/watch?v=ZE3529_PFfs,7374,98830,2020-11-18T21:44:08Z,EscolhaSegura,628
159,iPhone 12 - a APPLE fez um √≥timo trabalho nesse SMARTPHONE! Mas VALE A PENA? Alguns Dias de Uso,https://www.youtube.com/watch?v=_latHaWdBS0,13816,182303,2021-01-20T15:31:01Z,Gesiel Taveira,1190
53,iPhone 12 - Review Tecnoblog,https://www.youtube.com/watch?v=vjEdTiTqerQ,4382,66202,2020-12-02T22:00:48Z,Tecnoblog,225
408,"IPhone 12 Pro, ACERTO ou ERRO da Apple? [An√°lise/Review]",https://www.youtube.com/watch?v=zSioYBDGtpU,15577,161883,2020-10-30T19:15:03Z,Canaltech,654
229,iPHONE 12 t√° na m√£o! UNBOXING e COMENT√ÅRIOS! Vem conferir!!,https://www.youtube.com/watch?v=cN0ggIwgRRo,11045,139732,2020-10-28T21:35:27Z,Matheus Kise,656
669,"iPhone 12 Pro Max, o MELHOR de 2020? [An√°lise/Review]",https://www.youtube.com/watch?v=khyeh8MwMNo,15026,257755,2020-11-15T01:30:01Z,Canaltech,592
204,IPHONE 12: HANDS ON!,https://www.youtube.com/watch?v=kEn-f2BN-Vw,10613,182232,2020-10-27T14:46:16Z,Loop Infinito,721
900,"TUDO sobre os iPhone 12, Mini, Pro e Pro Max | O QUE MUDOU?",https://www.youtube.com/watch?v=q0h8ynH-9FM,51187,793848,2020-10-14T01:00:04Z,Canaltech,2289
143,iPhone 12 PRO MAX // üí∏ TEM DE SER LOUCO pra gastar R$10.999?? CHOCADO!,https://www.youtube.com/watch?v=6GxDe6Pgoy4,7395,95652,2020-12-26T14:00:03Z,EscolhaSegura,884
90,"IPHONE 12 MINI: MELHOR CELULAR TOP de linha que ""CABE no BOLSO"" | An√°lise / Review",https://www.youtube.com/watch?v=kaR26yDqjM0,3682,66791,2020-12-23T22:25:53Z,TudoCelular,417
48,iPHONE 12 MINI simplesmente √© o meu FAVORITO da APPLE! AN√ÅLISE FINAL!!!,https://www.youtube.com/watch?v=FzczBKKSRzg,4128,61797,2021-01-27T21:17:34Z,Matheus Kise,351
52,ASUS ROG PHONE 3: MELHOR CELULAR para JOGOS ganha um SUCESSOR | Hands-on,https://www.youtube.com/watch?v=pWDtQqeL688,4889,52557,2020-07-22T15:30:14Z,TudoCelular,478
194,ROG PHONE 3! JOGANDO com o SMARTPHONE MAIS POTENTE do MUNDO! √â de CAIR o QUEIXO! TELA de 144hz!,https://www.youtube.com/watch?v=T_HXPm8RwwI,13997,173883,2020-07-22T15:31:44Z,Be!Tech,1185
86,ROG Phone: o smartphone gamer da ASUS [An√°lise / Review],https://www.youtube.com/watch?v=AqpQjThAYtU,7394,85574,2019-02-06T17:26:00Z,Canaltech,245
1098,ROG PHONE 3: UNBOXING DO SMARTPHONE MAIS PODEROSO DE 2020!,https://www.youtube.com/watch?v=TdALKXTVZRU,62254,942191,2020-07-22T15:30:08Z,Loop Infinito,2266
73,ROG PHONE 3! O novo MONSTRO da ASUS t√° na M√ÉO! 16GB de RAM e SNAPDRAGON 865 PLUS!,https://www.youtube.com/watch?v=5OPMnkJAytw,7400,87156,2020-07-22T15:30:11Z,Be!Tech,578
493,Galaxy S21 Ultra: a Samsung ACERTOU no ZOOM dessa vez [An√°lise/Review],https://www.youtube.com/watch?v=_txy5ouAG6s,18174,441207,2021-02-09T14:00:31Z,Canaltech,976
75,Review GALAXY S21 ULTRA! Agora sim a SAMSUNG fez o que DEVERIA ter FEITO! An√°lise completa!,https://www.youtube.com/watch?v=6LwYbm71AJM,5287,91701,2021-04-07T22:00:01Z,Be!Tech,430
111,Samsung Galaxy S21 Ultra REVIEW: o celular Android MAIS COMPLETO do mercado ‚Äì TecMundo,https://www.youtube.com/watch?v=TLZBUC-qieY,4632,63509,2021-02-09T14:05:01Z,TecMundo,438
167,"SAMSUNG GALAXY S21 ULTRA! O que GOSTEI e N√ÉO Gostei! Review, [an√°lise]",https://www.youtube.com/watch?v=ragml8eCBGk,9260,106617,2021-02-09T22:14:42Z,Dudu Rocha,640
65,"Na boa, o GALAXY S21 ULTRA faz sentido? minha OPINI√ÉO SINCERA! üò± // An√°lise",https://www.youtube.com/watch?v=HmE-RlaaIl8,6779,82371,2021-02-27T13:30:05Z,EscolhaSegura,657
80,Samsung Galaxy S21 Ultra - Review Tecnoblog,https://www.youtube.com/watch?v=Cyk-tDl3NNM,3321,58869,2021-02-09T14:00:16Z,Tecnoblog,205
175,GALAXY S21 ULTRA √© EXTRAORDIN√ÅRIO em cada detalhe? UNBOXING e COMENT√ÅRIOS,https://www.youtube.com/watch?v=Zgopyc5Y6wY,7940,143209,2021-01-28T21:11:03Z,Matheus Kise,618
1086,O Melhor do melhor? - Galaxy S21 Ultra,https://www.youtube.com/watch?v=j2ZP5kY63Zc,112433,1062454,2021-03-06T22:24:51Z,Coisa de Nerd,3713
46,USO REAL ‚òÄÔ∏èdo GALAXY S21 ULTRA na √∫ltima semana // OPINI√ÉO,https://www.youtube.com/watch?v=ELMiQB2uvho,6449,75732,2021-02-21T17:00:05Z,EscolhaSegura,395
445,MOOOOONSTRO ! T√° na M√ÉO o mais TOP da SAMSUNG üòé Galaxy S21 Ultra,https://www.youtube.com/watch?v=K_kHYy7lRJc,25177,416447,2021-02-08T22:00:06Z,K Tech,1735
1242,"Galaxy S21 Ultra vs iPhone 12 Pro Max, o melhor APPLE vs o melhor SAMSUNG [Comparativo]",https://www.youtube.com/watch?v=_zJ5bM2SjJI,51660,953990,2021-02-24T00:11:03Z,Canaltech,2855
312,NOVO SAMSUNG GALAXY S21 ULTRA! O Samsung MAIS POTENTE DO MUNDO! Peguei e gostei!,https://www.youtube.com/watch?v=SmafthvGYL8,16249,210466,2021-01-14T15:51:54Z,Dudu Rocha,1081
328,"NOVOS GALAXY S21, S21 PLUS e S21 ULTRA em M√ÉOS! //o que a SAMSUNG N√ÉO TE CONTOU!",https://www.youtube.com/watch?v=m4ZUR6sM9jc,18109,283687,2021-01-14T15:19:54Z,EscolhaSegura,1564
45,SAMSUNG GALAXY S21 PLUS - vale mais a pena que o S21 e o S21 ULTRA? // An√°lise ( P√ìS UPDATES! ),https://www.youtube.com/watch?v=kvn92oHxgvk,4784,62221,2021-04-12T21:30:02Z,EscolhaSegura,263
156,"Xiaomi Mi 10T e 10T Pro, valem a pena ou n√£o? [An√°lise/Review]",https://www.youtube.com/watch?v=mp_aDo-uH6I,7419,128625,2021-01-27T14:00:53Z,Canaltech,495
51,MELHOR XIAOMI do ANO - Xiaomi MI 10T PRO AN√ÅLISE [ Review ] COMPLETA !,https://www.youtube.com/watch?v=cr3icyK3aWo,6081,83508,2020-12-23T22:00:08Z,K Tech,531
55,MI 10T PRO: TOP de LINHA XIAOMI com PRE√áO de IPHONE | An√°lise / Review,https://www.youtube.com/watch?v=MSqN27wR-gI,2286,65595,2020-12-27T22:20:22Z,TudoCelular,430
346,XIAOMI MI 10T PRO 5G a Xiaomi criou um MONSTRO !!!,https://www.youtube.com/watch?v=7P5zO5s3Mhw,24433,471425,2020-10-05T22:00:02Z,K Tech,1214
114,"NOVOS XIAOMI: Mi 10T, Mi 10T PRO e Mi 10T Lite. Mas chegaram recebendo CR√çTICAS!",https://www.youtube.com/watch?v=3YZQbBBdtcE,10072,134717,2020-10-02T18:35:01Z,Gesiel Taveira,493
71,"O Mais caro da XIAOMI NO BRASIL, Xiaomi Mi 10T! O que ele tem de especial? √â UMA SUPER M√ÅQUINA!",https://www.youtube.com/watch?v=jpWsHf_buf4,6905,113195,2020-11-20T15:21:34Z,Jersu,534
964,Xiaomi Mi 10T vs Xiaomi Mi 10T Pro,https://www.youtube.com/watch?v=314JziqRndE,3802,291973,2020-09-30T14:02:22Z,Gadgets Compare,191
